{
  "L": 12,
  "N": 429981696,
  "avg_degree": 240.0,
  "trials": 32,
  "pc_chi": 0.005799977122747105,
  "pc_dS": 0.005899976728311709,
  "bethe": 0.0041841004184100415,
  "target": 0.00546448087431694,
  "n_bins": 10000,
  "total_time_s": 35569.79853749275,
  "method": "implicit_adjacency_newman_ziff"
}