{
  "data": {
    "8": {
      "mean": 0.00585373118519783,
      "sem": 1.4843330634261875e-05
    },
    "10": {
      "mean": 0.0058125,
      "sem": 9.786017015735128e-06
    },
    "12": {
      "mean": 0.005795289641236262,
      "sem": 2.905017230393663e-06
    }
  },
  "fits": {
    "MF (L^-2)": {
      "pc_inf": 0.005749922150592786,
      "pc_err": 1.2117281899257698e-05,
      "inv_pc": 173.9153981235912
    },
    "DIV (L^-4/3)": {
      "pc_inf": 0.005717976481311746,
      "pc_err": 1.9805170643170934e-05,
      "inv_pc": 174.88704321683264
    },
    "Linear (L^-1)": {
      "pc_inf": 0.005685815345851612,
      "pc_err": 2.7635580948504532e-05,
      "inv_pc": 175.87627089043667
    }
  },
  "targets": {
    "f_c_alg": 183,
    "f_c_IR": 176.25,
    "p_alg": 0.00546448087431694,
    "p_IR": 0.005673758865248227
  },
  "interpretation": {
    "alg_target_status": "REJECTED at >5\u03c3 in all FSS forms",
    "IR_target_status": "CONSISTENT (0.4\u03c3 linear; 2.2\u03c3 DIV; rejected only in pure MF)"
  }
}